effect,term,estimate,std.error,statistic,df,p.value,conf.low,conf.high
fixed,(Intercept),55.09452635032873,0.5739958741667307,95.98418530500659,423.4202760654702,1.893182664158803e-289,53.96629016180767,56.222762538849786
fixed,CYCLE2,3.015858714344632,0.7125306137334846,4.232602299769657,1499.923849080964,2.4501596952724443e-5,1.61819654462265,4.413520884066614
fixed,CYCLE3,-0.6382524602113544,0.7656324002043174,-0.8336278089080735,1547.683854012932,0.4046193848725431,-2.140038844860264,0.8635339244375551
fixed,MONTH.L,-13.590022937187676,0.6540363504541764,-20.778696669918244,1445.3808647026744,4.0279071481287633e-84,-14.872984968051558,-12.307060906323795
fixed,MONTH.Q,0.23419158686789085,0.6478513132352508,0.3614897154385332,1410.812561292942,0.7177875203473453,-1.036663931042317,1.5050471047780984
fixed,MONTH.C,-2.719010927607746,0.6475848447925299,-4.1986945023070295,1410.7360905632047,2.8526082858320734e-5,-3.98934378764967,-1.4486780675658224
fixed,MONTH^4,-0.49845163412349563,0.6452116063300852,-0.7725397826592904,1410.9191389989496,0.4399241820122034,-1.7641288970851776,0.7672256288381862
