obj_resp,subj_resp,n,pct_total
0,0,70,0.39106145251396646
0,1,25,0.13966480446927373
1,0,17,0.09497206703910614
1,1,67,0.3743016759776536
