effect,term,estimate,std.error,statistic,df,p.value,conf.low,conf.high
fixed,(Intercept),14.46432753157838,0.5157263037239704,28.046518913489525,182.01321711172162,5.502161604848873e-68,13.446756668008838,15.481898395147923
fixed,CYCLE2,-1.0302311776607598,0.33167861835435336,-3.1061127267483317,1485.5919360358719,0.0019315128154820155,-1.6808393903562167,-0.3796229649653029
fixed,CYCLE3,-2.0865157257966764,0.3479933633898962,-5.995849189396516,1491.132340667465,2.5351073621926417e-9,-2.769124256274475,-1.4039071953188778
fixed,MONTH.L,-6.53178498548629,0.2865863874155522,-22.791679131692874,1441.4074912625906,1.9039837184757735e-98,-7.093956037282376,-5.969613933690204
fixed,MONTH.Q,5.081141519729114,0.2811816962532833,18.07066956147855,1424.8107561513718,6.980542008887147e-66,4.529566970884408,5.632716068573819
fixed,MONTH.C,-2.6958138242433876,0.2812092361434769,-9.5865052699334,1424.6706180047333,3.893670867953279e-21,-3.247442442304684,-2.144185206182091
fixed,MONTH^4,0.47951324417543384,0.2793398343406179,1.7165945748744558,1424.6395851494906,0.08627064647036443,-0.06844830841798977,1.0274747967688573
