dataset,n,discordance_rate,obj_resp_rate,subj_resp_rate
MAIN (interpolation),179,0.02040816326530612,0.6363636363636364,0.9387755102040817
SENS (LOCF),179,0.05,0.547486033519553,0.7785714285714286
