dataset,n_complete_case,n_discordant,discordance_rate,ci_low,ci_high
MAIN,138,7,0.050724637681159424,0.024785423632257556,0.10099908936579352
