dataset,n_complete_case,kappa,z,p_value
MAIN,138,0.3511988716502115,4.550055519054778,5.363176298400774e-6
