obj_resp,subj_resp,n,pct_total
0,0,47,26.256983240223462
NA,0,34,18.99441340782123
NA,NA,98,54.74860335195531
