obj_resp,subj_resp,n,pct_total
0,0,4,4.081632653061225
0,1,25,25.510204081632654
1,0,2,2.0408163265306123
1,1,67,68.36734693877551
