variable,missing_rate
MIDAS,0.9597765363128492
HADSD,0.69944134078212294
HADSA,0.6990689013035382
INT,0.6256983240223464
RED_MMD_VST01,0.525512104283054
HIT6,0.4201117318435754
DOSE,0.4022346368715084
MMDs,0.4
GGFAR,0.39888268156424583
DaysWithCefalea,0.39888268156424583
SUBJECT_ID,0
SEQUENCE,0
CYCLE,0
MONTH,0
is_cycle_start,0
is_cycle_end,0
